關鍵字,網站,標題,網址,時間
大雨,news.google.com,,https://news.google.com./read/CBMidEFVX3lxTFBDeTdQU09YUGhxM1pTYnZKLVE5MmlsU2YtbHRKSEZFcWpBOGFsSUQ2QzZIeEp1S2cxR3psdVgzWG9fX2Y2ejhQd1JTeGJXNUxoUGxPRDRiY2lmVWNnTVNnRndkdjJCeFQ4aEo2Y2djMmplOGpY?hl=zh-TW&gl=TW&ceid=TW%3Azh-Hant,無時間
大雨,news.google.com,,https://news.google.com./read/CBMiekFVX3lxTE5zQ3VSTDdXYlFuWFpwcXpUSWlTTjBnRWcwdkY2N2N6OUxnMF9sODkxU1JlOVdRbTJqbEFaR01SNE4zbk5uSFFNN2Z1NXUwY21qMWJMVlR2R1gzQ0xqQlFDMmVQSXlRaTFRYkxvQWhQejV6MHZFZGt3aC1n?hl=zh-TW&gl=TW&ceid=TW%3Azh-Hant,無時間
大雨,news.google.com,,https://news.google.com./read/CBMie0FVX3lxTFBpLXQ3dURzZ0RXWXRfaVBEV3RET005WDhURnNnRnlscWNDOFdSRE1EZzk3MlpYd3NXUDdqaEVIRW5XTm11WXZqNmF2bGhwWXdKdXdLR2Y5V0lwdTBaN3F0Smg2SjBkUHo2ZG1mSkg1Q3FfVktOVkpaZ0E5WQ?hl=zh-TW&gl=TW&ceid=TW%3Azh-Hant,無時間
大雨,news.google.com,,https://news.google.com./read/CBMiwgFBVV95cUxPYjc5TFVPTGc4RDhqbW8xM3RtSXVLck1WQ09zeEFtZzdHaG1NTUlKazJxRVNWLWtBamlxbk15NGEwTlU5UWZvMk1wTFBmM29tbHZocmJ0VF81aHpHeFQxUzlicnI4c2tjbnJDd1kyS1ZVUW1LUDVIV0JtTEJlZExZX1JnUWpuWGpOczBHeHlqX3ZjN28yNHk0Q0JfN01FTWZjZmtvZmFUM0FpTEoxUUhVNE43MEw3UEltZk1TRk41SF9wUQ?hl=zh-TW&gl=TW&ceid=TW%3Azh-Hant,無時間
大雨,news.google.com,,https://news.google.com./read/CBMiVEFVX3lxTE1qNlJjLXNUaWZWVTdRQWtHeWV0MTA0Uy1XTUU1Xy03TU9vZjVxYTRVb2FuZ1djeXUwaVBHUlJSRmRCWU1EQU9rbUVJT3F3VzVFNWxpWg?hl=zh-TW&gl=TW&ceid=TW%3Azh-Hant,無時間
豪雨,news.google.com,,https://news.google.com./read/CBMidEFVX3lxTE9sOFo2THl5SUxOOGo3akRkLVZSMXNINndWbVh0NWxnUk9MV2ExaUZPM1FvSElmY2RDeW0wbExYWGw4OC05d284QVhoQjdYbE1EcUVnYjJZUEZsSUY4bG9rbXptaFpzWk5QbFRyLWJyc1pyd0tY0gFXQVVfeXFMTmtwNUlBTGtJMDlMZEE3bTFBemdzVVN4Ym1LYnhOU1VJTGdibXExSUEtb09FTjc0OHR0LXJMWTl1anhKVmpLQm45OTlDckxtWHQxSkd5SkQw?hl=zh-TW&gl=TW&ceid=TW%3Azh-Hant,無時間
豪雨,news.google.com,,https://news.google.com./read/CBMiiAFBVV95cUxORmg3QW5uQTBWSTRNQnQ3Y0h1VlVMN3VuSjcwUG5xSHhvbEdpejZJVzhMMWRGU2UzR0VzZEVtN3ZCOTZXLUF6RGNteVBxalRGOHNwXzF0cFY2UHRuaHljSlM1YjdZcEt2ZXRYUy12TzdCWGE1aHNZdXJHYWp0LTF1eDBXb1ZsOTNP?hl=zh-TW&gl=TW&ceid=TW%3Azh-Hant,無時間
豪雨,news.google.com,,https://news.google.com./read/CBMigwFBVV95cUxPdk1ERE1fQkF1OW1DTE95bmxrTTBuMHV5Mm5jQVJkUVQ1SmlCWGwxLWlfb0Y1LTVtaW9Hc0YyOVJBOEIzMXRpVFBoWXl6ZVN3bnpUZWZUbTVNNUh1R1czTDRnYmU5S1YyTV9kLW9GaWl0dTFoQ0hUdkxsUzU1MGtXRTFzVQ?hl=zh-TW&gl=TW&ceid=TW%3Azh-Hant,無時間
豪雨,news.google.com,,https://news.google.com./read/CBMiuAFBVV95cUxPcW81NDhlRFlPcnFHSmEyRV85dEF5M3d2bjBXNU11MG9pZDFIdUVsWTVsS0xpdFhCLUF3azdoN2RLeDVJTC16bFZMRXhkTUczUDFVSTgwZTRKSnQwQ1c1TUJLelRHNXMzQ0pCZ3BIQ1lRSHJTb0RBZ1dYWXJjRWV4a2N4VkdlOFg3QnVjQzlkMEFNS3AtcDhkV0JyNl84blpzVDRwYm82bzVUTEU5Umw1UjlVbDM0SEM5?hl=zh-TW&gl=TW&ceid=TW%3Azh-Hant,無時間
豪雨,news.google.com,,https://news.google.com./read/CBMiT0FVX3lxTE9zNTVwdzVVY1FlTHAwOGxNeTFTck1sNlFEeUZqMGRYVGFZY3dCNkNJMTV0cFV1cm1qbDlKS2xSMndjazJtbnpFa0I4SFpiYnfSAVRBVV95cUxOZGJFcUFjRjgwSnE5OUJOaVhCNEZGQjhvSUF0UWNnQ2FNRERKd3V2eEFRNXpoU2RJSTlGXzF6Z0ZRT1Q1cWVmeHdWYWp0TzhNVlZEcFU?hl=zh-TW&gl=TW&ceid=TW%3Azh-Hant,無時間
暴雨,news.google.com,,https://news.google.com./read/CBMi1AFBVV95cUxQTmVsRUcwRFBvT3p6TjlFcFhTbC1OUkNZNlRZNjhiZUNhRW5KR09zeUdIRzhqTWw5bXBFelFyX1JGdklTb2xfc2FmVVFUX1puMXlsUnBiSVVGOHFHZW9wTHZYak14bnNXUEdPV0hQQXJrUWJqR3AzVXV6Z3VmeElYTzA4NTc1OFU2dnA2UzlRVlA0cnVib2ZMQVY3TnBnSVIyT1o4T0t5Wkl3UXhCbldYeUNoZ2t3UF9sSGU0TEwwYlBFNElTMGVjVk43S0hzZVdlWFFFMQ?hl=zh-TW&gl=TW&ceid=TW%3Azh-Hant,無時間
暴雨,news.google.com,,https://news.google.com./read/CBMif0FVX3lxTE13RHNrMEVQQmFVVG5EYjd1c2l0WmVvVlAwSUdaM1hkSGNPbVoxb3VmYzhPQVFUTDdVXy1QcjJtcGRsWEhldERhT1JXLV84S0JUOTdrUFRoWlVTaVZnd2ZHUC1QVjRLMnhFVVl4NU9kOE4zY3d1RGFxOVRIVmxmbWc?hl=zh-TW&gl=TW&ceid=TW%3Azh-Hant,無時間
暴雨,news.google.com,,https://news.google.com./read/CBMixwFBVV95cUxOM0dxZnN1d3JKeGI5NWtfQ2s1VEJiWUxYb1M5dFEwZlZmWVFJekFRdlhFNjdtenNqcnMzeVQ0QTRYd1B3M1Mya1pCa2paTmNoZWhEOWlQdlM3QTZ1QzZ4Q0VmdnhRMDlmcGlHNGlFdXFVMGhncHJFdzB2S2xQYlpUUTdjRWhUTDNiUy1nRDVRd3NhYVdUdWpLa3FERjVjdTVmTlpKU0hUSEM4bGRpUFd3dEVqZFh0QnlEdFlKeGZyei1BLWZETU1Z?hl=zh-TW&gl=TW&ceid=TW%3Azh-Hant,無時間
暴雨,news.google.com,,https://news.google.com./read/CBMikwFBVV95cUxPeWJIb25DZnJlR2doaUFabzlJaWZQckFIV0lyWjhVTHFQT1lzWlhTRDYtNHAxWDZjVEdxbXNJM2hsaTdRd1ZQQVVma0tNeVRLUnVFLXBlQkd1TEtCSlhQUHplbHY0cEFNQnkzLVhlMnk5ZFBfUWdIZ2NSTnA1UDZtbkhkY01qc1I4WjNiV1JoZVZEQ1E?hl=zh-TW&gl=TW&ceid=TW%3Azh-Hant,無時間
暴雨,news.google.com,,https://news.google.com./read/CBMimgFBVV95cUxOYVg5Z1RDNmJOQ0htei1QMjF5Q2NtY2ZIVEZVV1Z6RTdTSW4xbWtyWDBxOFdhel9NYkJMczUxVXZNQ1JqdjdwNnFTNVFLUC1Ja2xEVzgzOWtIUThPbWI0SXR4TElNVE0yeWE5YnVsWm00WGI4S05Ib2hoN0hYcUpRMkhicWVpYzI4UVdWRDhVTHZVSzEwLU9pRlJB?hl=zh-TW&gl=TW&ceid=TW%3Azh-Hant,無時間
淹水,news.google.com,,https://news.google.com./read/CBMi0AFBVV95cUxNcHRzUXU1LWpZTy1Vbk12ZlhRNFFWU2s4bmZRZElzemYyYVl0S2JBRnBONmFYcnlmUTJxbS1TbER4T0dvVEhPZFlXTlZRRkRweWZQVGtnS0psV1d4V2NzZW5ycVF2OEpHSG1vU2NLMTlFcUI5ZjQ4bG1vN3pMZkdPVnU0VXN6RnFpZFhPSjRjblRhVUVYajhQdU1kMm9fWWp6TE1HSnloSWUtcEdFSWlTWHZNTUxSbTV6M3MyTXBCVklBUXBVUFktTWxiZ2RVRHFJ?hl=zh-TW&gl=TW&ceid=TW%3Azh-Hant,無時間
淹水,news.google.com,,https://news.google.com./read/CBMiSEFVX3lxTE5EcW5DSU9XTzJhYnd2NXJmd2ZhOWVwLU9PZWpGd0ZDS3I5TjdxcC1pcWdJZEMySHFDbGlvMXVHRDA4N2hNbTMwZg?hl=zh-TW&gl=TW&ceid=TW%3Azh-Hant,無時間
淹水,news.google.com,,https://news.google.com./read/CBMiUEFVX3lxTE5WRjM2Nnhxb2NoUDRGaDF3T010cUZaU1k4Rjlva1gxRUY4NjVRMlNlWmgyZkRfbk1EWW1oTlRiTmU4SURMWEtMaWJtVEVJSjFZ?hl=zh-TW&gl=TW&ceid=TW%3Azh-Hant,無時間
淹水,news.google.com,,https://news.google.com./read/CBMi4wNBVV95cUxQVDdvV081ejJfdlh1UTFUakNHSk9uclRBTU9MSC1PUGVULTlaS0hHblVFSWlkQUdUenlnU0dKWnhjNnpCNnJsTUN5UE1ZQUdSNnYtdFQ1b3NHZllaOXBCTmlwMmtqc3llNkZLT2U5XzQyRzVmN0lfSzZtT0lBei1Rb2VPUjN6cWlxT1ZnOTZlbzZ3T3JWSDIyeGM3dzRYTG95bUFkQ0VnZ19TN1JIU3FwWHdWdnVhd3VxSF9yY3BnU1FuOFo5OXQ0b3ZuMFlaR3RIenBnckU4dUh4SDIwTFVPZ0FaWUI4VW5kREFPdXVfVV9ZREJ6NlF5T0NETGlNay1mT3U0ZWxzd3RCekdvTEJITTRmdmNRUmJRdUxIQV9nVGJ6OEU2UXFrZjI0NS1CV01wdVYweXJTbHgyVnZTUlRVVGl3bElLVDNUQWlzWHZBYjFkWHdEanVNT1Nqa3JfMHBOc0tZRWdPV2E2dVpyNThRdXcteVJTNEFibHFYWndBZlE2MG1xOGJNWFJuLTU0dXczM29EZG81eWZpR0FnOHhuSjNUb05MS0dhQnQtY2xDVUZNb1RYd0JZSVMwQ013QktKemRHVWt1VmRWTWQ4SDZMam5uWEVEWFVSSGtIUlU1cFhyMjg?hl=zh-TW&gl=TW&ceid=TW%3Azh-Hant,無時間
淹水,news.google.com,,https://news.google.com./read/CBMiXkFVX3lxTFAwMzUtUXNESTNZNlZVeTRXUGxSTnFsLTFoVktSZDI2RkJLR3ZQZXM4ODNTcUd6d2FzY0JWdWstalZveDRtd0s5ODNNS3NNemRJOEpId3prc01KWmVXTXc?hl=zh-TW&gl=TW&ceid=TW%3Azh-Hant,無時間
洪水,news.google.com,,https://news.google.com./read/CBMihwFBVV95cUxPTWRzVW90REdKejRpcjRLaUkyVUFITG5ob3g0bEZCU1ZtVGdLMmlGbHVnbWcybjlVOWh0MjVYS3FyeWcyUGg5WTV6a0I2Y19xTGlmeE80WjNxUG1NQlJEdktMUWFYaFVOU3JwQ1ZEZktBZUpWZ0c4Szh6d0k4aExiMDg4MmdjYnc?hl=zh-TW&gl=TW&ceid=TW%3Azh-Hant,無時間
洪水,news.google.com,,https://news.google.com./read/CBMiX0FVX3lxTE85d1hjXzJ0a2NzdHpyM3hZWlY1VDRzZGNoQlU2RHltTkdYeVlweEd6cjVBTWk1SE5rVnZRckFlMnJGejBsVDdvNmp4TW5ZNkRrcDdTU0Vpa3RfTXNFd0Rj0gFkQVVfeXFMT3lUWTJXcHdhUDE2eFhFenc0WTltV0FOMjROMFpvd2t6cWRJdG1qT3lrTkdmcDFjQU1mSDhuSFB6Nl8zZ3ZHZ25saVJwU3lVMHdMVXJ6ZnJtVTk2UkVUdDMwY3EzRQ?hl=zh-TW&gl=TW&ceid=TW%3Azh-Hant,無時間
洪水,news.google.com,,https://news.google.com./read/CBMi2AFBVV95cUxNY0tjV1V2ZG9ubFpueUZPNGV3b1l0U193cnpEb2g0NWdxckFpTzFDVTl6T1VKZmJGNFJKaHFZSkNKRjBEaVFvNGtiNkR4QmpsaEk2WS1mLXR6NzRZY3hJM21oSks0ZUt4MzVFSFlaVnk3R1NNb2N2VXhOMEtHcE1UeHdhTGZQTHp5cjRMdXd6N1pjbkFVb3JzczQyTXpSMXl0LW9EdnBhMFpsaXFBcDVkLVNRSU5SdnFITUp2TE9TdHBLQW5Wd0diUlFtdS1EZFRkRkEzSlM1SFc?hl=zh-TW&gl=TW&ceid=TW%3Azh-Hant,無時間
洪水,news.google.com,,https://news.google.com./read/CBMiS0FVX3lxTE04Yk80Yk9IcS1VRG5sYWN3dnlid2ozeUk1Nm5HbmpZWl9HZ01PY3RyN3lMSUF4THZkRG9qVWxFWF9hUHB0ZTBndDY1aw?hl=zh-TW&gl=TW&ceid=TW%3Azh-Hant,無時間
洪水,news.google.com,,https://news.google.com./read/CBMiZkFVX3lxTE9ZcU14dmpINk54bEZWYnkzTndQcExBZ09vMmh0QXAyNlFZZUdGS19yZnZBUDFVbWw1bWEyLXZyVVlhdEZzRGVBSXNOeG5fb0hJYlY5V0FYaWtsVkxXT09XaTZVR1dLQdIBa0FVX3lxTE5LMzVLU3E4MHNKczlmTFJuekhjb0Jvd0ktNHdUa0RRUkM2OVdqMWJ1Z0ZSa1BxVGpNX1ljbldEckNsZEdVWjllOXlqN1c2WVhmemo4VkdhT2h3V2JmMlZEbmxNTURjTGRxSF93?hl=zh-TW&gl=TW&ceid=TW%3Azh-Hant,無時間
水災,news.google.com,,https://news.google.com./read/CBMia0FVX3lxTE8taFJGa2J4QzNPT1BnYVJYdTFwRFd5LVZDUGJPcUNZSDJSVE9xOTVKNEpGVlZ5NWdKX1pTU2hsb0JROXNWNUcyZTM2YXR6UE0wTDRJS2V4cm10OXNzR29XRTE5ck9SOGtCeDhn?hl=zh-TW&gl=TW&ceid=TW%3Azh-Hant,無時間
水災,news.google.com,,https://news.google.com./read/CBMiZkFVX3lxTE9ZcU14dmpINk54bEZWYnkzTndQcExBZ09vMmh0QXAyNlFZZUdGS19yZnZBUDFVbWw1bWEyLXZyVVlhdEZzRGVBSXNOeG5fb0hJYlY5V0FYaWtsVkxXT09XaTZVR1dLQdIBa0FVX3lxTE5LMzVLU3E4MHNKczlmTFJuekhjb0Jvd0ktNHdUa0RRUkM2OVdqMWJ1Z0ZSa1BxVGpNX1ljbldEckNsZEdVWjllOXlqN1c2WVhmemo4VkdhT2h3V2JmMlZEbmxNTURjTGRxSF93?hl=zh-TW&gl=TW&ceid=TW%3Azh-Hant,無時間
水災,news.google.com,,https://news.google.com./read/CBMidkFVX3lxTE8tdHhuRExVYl92b002OU1aczhNbXdUOFBqQWZfbGJ5eVVKdVRLTm9RQWtBTklnd0swX2lybHhqaGM3YmtEalN6cUl0Z2tBLU1ydG1hOEFJM04zbGZUeUpwWnBKUVFEc014TWhldGE0TG5VTWhTNFE?hl=zh-TW&gl=TW&ceid=TW%3Azh-Hant,無時間
水災,news.google.com,,https://news.google.com./read/CBMiYEFVX3lxTE9sOEs2QmxzdE95ZFlheDNTYnRwekc3dmR4Z0ppaFdET0dtdktxdFZWdFlxeEg1R0RVWU5JaFA5Y2hFWDUxVnBhUDVJZXVWajNFNzhyeDdwaGZJV3R3TGJGSg?hl=zh-TW&gl=TW&ceid=TW%3Azh-Hant,無時間
水災,news.google.com,,https://news.google.com./read/CBMi4wFBVV95cUxOd28zczdMeVBjQVhDUVlLUWYycHp6dzZ4U3hGbEFEemNPZ3JodmFocXFXbW5Ob3NmTjIxNTlrQmZkaFNfbTYtNS13MUtOQXgtdWZNS2QwYWlrS2RRb0hTS3h5NEFaOS1LVWNTMmRZMkQ4Y2hsUjU2SjVydFg5SFRrY05YdDB2T09MUXdvR0g2VnQtckxBUzNXSHVRMWVCRGpHcUVGTmxHV0htcVJRTkFmeWZ3REdzMXBmSUEzNWN5OHV0QmxQSjFCOTZ2YXV2aXBRTXNFZl9Ha1hPVDJ0NkpZT2Rmbw?hl=zh-TW&gl=TW&ceid=TW%3Azh-Hant,無時間
颱風,news.google.com,,https://news.google.com./read/CBMiUkFVX3lxTE1ZOFlvb0IwdzBzenRUdk81SVRpZHRxT2NnR3M0cVRhM1ZuWXVBWS1pZGgxZWlTMGQzblhwaHQ2WVgyRllmNzR1Wm5MZUZRMW5DSUE?hl=zh-TW&gl=TW&ceid=TW%3Azh-Hant,無時間
颱風,news.google.com,,https://news.google.com./read/CBMiZkFVX3lxTE9OYlZmYUdzNHZvOFE4ZlNGazN0c3pXdzJYWjFWeHVhd1BKOXJ1YXZVX3lKSWJETU9qQXZhMU15RGxGeXFMX3lueWhZZEVHVEJjV2Y1N016U3pyZFBNMGdQa24zanhuQdIBa0FVX3lxTE12ejB2VXh4WGNuTnZGVWtBT1JzTzN2azdQT3FpcjZLczB3Tm9OZ1ZVUUJpR0NNSndwY2FSSjRIZGpQU2pZay1nOHE2QVZuMFRWb0tidnExQmphdUQ1V1Y4N0ZvX21xdlpucFQ0?hl=zh-TW&gl=TW&ceid=TW%3Azh-Hant,無時間
颱風,news.google.com,,https://news.google.com./read/CBMiXkFVX3lxTFBsMUxiV2tXUldWcVVlUDhnUFdxRTd5TW1BYkxtSUU1NkxuSU1JbnVBMzF4Z0Zha1F3M1JKcFZCcV9ZNk00d2plQ2ZLYkxRMTFra3ZkR2djdFVxMDkyWlHSAWhBVV95cUxPVXg2YVd6TWF5eF9IaU1sc0xYV1dpRDdPci1TbUJrOUtDWEFESHdRTlBuS0dYVmJyeVRYVlVFZHFtM2ZYWUJXbExrbkRrMmxZMHJyeE53cVhPVkhiNm9fWXp3TU04d0JhMg?hl=zh-TW&gl=TW&ceid=TW%3Azh-Hant,無時間
颱風,news.google.com,,https://news.google.com./read/CBMiYEFVX3lxTE1VWXItMXhGWlVkUHhfQXpGbjRSaFNUU0x5S1c5aHo5TjBUanNpeFBHaHhmb09nTjFDYlk5by1NdlpoczhDLWFXVFBEN01fVDlILWRENVBwcnBXb09ZRlAzOA?hl=zh-TW&gl=TW&ceid=TW%3Azh-Hant,無時間
颱風,news.google.com,,https://news.google.com./read/CBMiggFBVV95cUxQZW95VTB1amRkUmRfN1BZbnJuRVdmREwwNmpVdGE4aEtETlNydnpDVHFGcWFWVE5RaFhZeVVQTHBUZXhoU0RMQXIxY0x0bEs2Z1RZQXRETnM4WW5HdVg0WkZmckkwRkxFMnQtRHZkWHZwcEZEN3laVEVodXVYbC1YMTd3?hl=zh-TW&gl=TW&ceid=TW%3Azh-Hant,無時間
颶風,news.google.com,,https://news.google.com./read/CBMi2wFBVV95cUxPWFQ0ZG9kNk9HaWVIQ3ptZk4xbWNuWkkzZ280VExRcUttQjd6eGlLTFJPdzAtajRWU2JndWFwZWc2a1o5Y1NZd0tEYUFMWVVXQjduSndMZGpCdW1FcVBmcFJHN09kemJXYzR1YmlReEd6Sk1pcjBmYUhfWDhCREZCZ0xPMnZ3Qzl4LVBwQmZvdXZad0lhZmhkcWVYTnlmSXlOWnA1c01weUctSlBhSzhRRDJKRURheUxOS29rdlFJSnRYN3cxTVYzWXBmcUtZaF9HRDJsU29aaks5MU0?hl=zh-TW&gl=TW&ceid=TW%3Azh-Hant,無時間
颶風,news.google.com,,https://news.google.com./read/CBMioAJBVV95cUxPUWRIdEstdUl2NWN0WkZlQTg1NWIwQUR4Qk1mYkRicDkzZFh4MDh2S0JhWDl4VEtVNHlwYklTLVdNdHdHWXhLaXVpWlJUcUZWY1FKU21FWTRKa3Uzc25MeEtNdzhfR3lGbFRPTWgyVFptSzI4eFprbG1HZmtEb0tiNXRuMF9SQnMtMUtNc1lLU0g4a1UxZEEwUmZWd1VlSFU4bm5IMWpRTFc5RmNRSENERGhnODByc3k0VWJBZTNwVWlFZXNyV1ZBbmJremUzTmx4QzZ4R2VsVXpnemY3bldOVUFrekVYUThzM0p6SWwwWXlLYXdTZ0RaTlA1VW9rU1lWaFhGeU83U2JEU0dHVnZYd2pIZndRZnFlM0JoTWgyVEw?hl=zh-TW&gl=TW&ceid=TW%3Azh-Hant,無時間
颶風,news.google.com,,https://news.google.com./read/CBMiVkFVX3lxTE5hU0ZnOWNrTjFRYngtZF94dnJ1dDF3YVAydXZ3VFhIQmJQVjl0LUlUZkQtaWtieHMybnY5YWpha2gtaVpzd0dWcDhOMy1FdENKX0l3ODd3?hl=zh-TW&gl=TW&ceid=TW%3Azh-Hant,無時間
颶風,news.google.com,,https://news.google.com./read/CBMi4gFBVV95cUxNMUhMNG8tX1FEeWVfdWJOZC1ibC00WS1GSHBOdUxydHJKU2twLUtMeFFRS3lqbWxHSGItaWxlVVBXeGt5WEdzNXVJS29ZaXVyOUZjdGhfam1CVGFabGNSSHhaNUdnbG5TczFLQjJhZW9oQUlNYzJ1ekpld3hUb1dINnZjaEgyQWl0b0F0d0tIYzNxZFJtVWhYUDZPRlFFUkNLVWNZSVFEcnNxbHpRN0pZaUlDN1N3b1FpNHlPZnp5dFVPSFI5RVpYNXljU25rQUs2Z2VLWWtRZlYzVVVFVkJvdTVR?hl=zh-TW&gl=TW&ceid=TW%3Azh-Hant,無時間
颶風,news.google.com,,https://news.google.com./read/CBMiX0FVX3lxTE00YTAzMFdRZ2hVOTl4NlVMckJBMG5McDhLVnRuZ2lUOWtQM0M1OS1OazRXZ3pYN3FucGdsRDJXT05jc0VnQ292UWdkbWZjUW5pY0x1cHZubXNHZEFKLV9z0gFkQVVfeXFMTThEVko0elNaVzk4VHd2SlJqYXhBNWFkUVZVemRMb0pidXpkcGp6ZzdGcXU0MmtsVklUNGh2UDhoaHBsVUZpUXJ1MW9Wdkxha0NWNFk3elI0T1hURWJ5c01BSEkzNw?hl=zh-TW&gl=TW&ceid=TW%3Azh-Hant,無時間
風災,news.google.com,,https://news.google.com./read/CBMiZkFVX3lxTE9OYlZmYUdzNHZvOFE4ZlNGazN0c3pXdzJYWjFWeHVhd1BKOXJ1YXZVX3lKSWJETU9qQXZhMU15RGxGeXFMX3lueWhZZEVHVEJjV2Y1N016U3pyZFBNMGdQa24zanhuQdIBa0FVX3lxTE12ejB2VXh4WGNuTnZGVWtBT1JzTzN2azdQT3FpcjZLczB3Tm9OZ1ZVUUJpR0NNSndwY2FSSjRIZGpQU2pZay1nOHE2QVZuMFRWb0tidnExQmphdUQ1V1Y4N0ZvX21xdlpucFQ0?hl=zh-TW&gl=TW&ceid=TW%3Azh-Hant,無時間
風災,news.google.com,,https://news.google.com./read/CBMirAJBVV95cUxQZTNjcDlHR2Q2Ymt1TFcyVGdwZWdZdDRCSmNuc1FpNW9kMjI5WlVFbW1QWXA5ZFh4VGxJSVdjUEx2ajNtVWVLTGgyNEZFemR1TjE2N1RsdmZHTkVuWDZrOXdUcXgwRnF1YVNyOUJlbUVXMHVqcVNvd2tsOU13cHZ4Nk81WVNZcmQ3YmhudlpIbG1hODktc0FZOGg4MV90dXROS2tqVE1DcU94M2VTRS0tVzJuZzdtQmVZMmE1OGpzLVI5N3ZDTmdLOWk4ejkzN2g3cWJiWWp4bU02YmVnY0RpQlBfU3dQQ2FXQzh6M01ZcmdqNWpRZzBRT2pZZ0lEX1dVYTFfUGkzekNvTDRsMFBXcEhzNmExb19ib3pLdnU4YkZfSmRaeExOVTJOWFY?hl=zh-TW&gl=TW&ceid=TW%3Azh-Hant,無時間
風災,news.google.com,,https://news.google.com./read/CBMiT0FVX3lxTE5zZ3ktcmd3dVR0WDNjRER6Y3NJNWhjcTNRd2c0TlQ0Y1dxNWZnei1uc0w0QVNHYWE1Z0pVM3B2Zk0xeVFQNENaY0hPazJyQ2PSAVRBVV95cUxNM3NwSkZiX0NudVNTdERrT3RPa2VrcVNjc0ZhbVpTUEk5c3F3Ykc0bGFBYmhLdnpFSTNoWUJ5cS0xMW1QVkc5NnV6dmo3QlNyaloyeUM?hl=zh-TW&gl=TW&ceid=TW%3Azh-Hant,無時間
風災,news.google.com,,https://news.google.com./read/CBMiZkFVX3lxTE81YkxYQ3Z2NExiaUFnSmdJVTIxRFAtZDJULVA2OTBWY20wZWJlSnJDczktNm4zTDg5YUplTVo3M2NGOHZwa0h0SkxNdWJMOGI2QVVLY1JvT1ZXWUs0dmtjLTd4TzNtZ9IBa0FVX3lxTE9jMnVTTG1oUXdoT3A4Q1hMMUVXaS1KSkcwMTYtQ29NbVprNEdPMkFCM3dMZGhjQ19YUmxPVlMxME10TUNmc21aTVFiR29BeW1Qem9Ob2pkWnlfVjgwcnlpVVprVGIxb09rT0pN?hl=zh-TW&gl=TW&ceid=TW%3Azh-Hant,無時間
風災,news.google.com,,https://news.google.com./read/CBMid0FVX3lxTE95QTBYMUVXX0FrcDZnWm1NX3dJbERPRXJRZWNZNVZkN1dTb3ZIUFlHd0V4ZzBYdDhsMXh6UnVvN1VYQ0JNMURtWFpnUTZoVXEzeXBMSWdhbXlObDJEcGJXc3Rma3FqZFR5aUJQN1NiYU1UOU5pSzlN?hl=zh-TW&gl=TW&ceid=TW%3Azh-Hant,無時間
海嘯,news.google.com,,https://news.google.com./read/CBMiZ0FVX3lxTE1MZkJVVExzYTNvajJERXhrS2ItMGl6V05aMklOY0VsM2VBM0M2VndiZXdNQ0ZUa1Bldm9DV1Q0MlNRazR2aGpaWEZTVDVGOE9aZ052NVd6bHo1bTN6NXNnUXRpSXdPUzjSAW9BVV95cUxOckZPVzNmd25WQVVrVDV6bGdUS0pLWmdwbHUtcTlxYm4ya3VkTkxzSjRnZ2VaR0FUSnBRQ2V6U29paFRCS1ZXY0IzMW9uUi1NZGw4X19QdWRJc05DWVdCQXh4clBrVENYdURkT0FYbzQ?hl=zh-TW&gl=TW&ceid=TW%3Azh-Hant,無時間
海嘯,news.google.com,,https://news.google.com./read/CBMi1wJBVV95cUxQbEdDTjUyR1RQcGJEQk1LVkJRUVhVQjVLempQRU5qZnFVVUlQMVg0ZUNqX3NLajhzanYtMjhzZWRFd0pfcG5ZSmY3MmNtS1V2aGxxQ0hCTWN5Ym0xTFRnMEZLZTNNTGJmaGtJdHdWZWk4SmNtYUR0ZDlBM2xGbDdDWjc1VS0waEY4OGdyc1luTWNzWElHMTlySXVWSHFvd3VQcE9jT1FFSjNRZGpYYmU2RWYwblhhdlJnNUY5UWFFVW9mUjduenFxY2w5UnRTY0tmY241c2NKWnc5UnNld1d4VGxWN1dQYWZoX25xQUlwVjJaQUQ4a2xHaVJtSHF5YVp1LUxKakxJLWtOUWVCSUd6Y1RCSEJIeWxCY2RoR2ZNTnJNQmVZUzk4TU1GNWVERi1yUVJVTnBfZm51YkVVaTFPUFFacktYWVZWWVQ4OU1lUS1WRU5TZ0dV?hl=zh-TW&gl=TW&ceid=TW%3Azh-Hant,無時間
海嘯,news.google.com,,https://news.google.com./read/CBMiXkFVX3lxTE4zSXBCZFhMUEtNRWJVanhBaGVBNEVxRlNiY29UR2Z6T2FGZXg5NGJtM3VUdjgtZ1IxOGIzeHFWRnVxTUc2LTlkaUdvTkhMNkw4WXZibURLeTZUZ3F2TkHSAWhBVV95cUxNR2JLNHl1cFJxS09yOU9DT0tZS3lYbEdVYWZ2WXgwaG94VGI3Q2RNV0V0THJFY3pnTmh2RUZmX2U2OXJaMS1nbFF3OU03bFFVODIyQ1ZMa2FwVWFWWFpNZGg2bFEtaXBMdQ?hl=zh-TW&gl=TW&ceid=TW%3Azh-Hant,無時間
海嘯,news.google.com,,https://news.google.com./read/CBMiVkFVX3lxTE9OX2xad0RBczBMeFpJRTd1Ym9tcXFncGlrNTZOY21wWnduSXhsS0Q4bEs5aklCeXZkczJ5U3JwSGh5VW1sSjFEQncwRTJwX2lhNkFPdnB3?hl=zh-TW&gl=TW&ceid=TW%3Azh-Hant,無時間
海嘯,news.google.com,,https://news.google.com./read/CBMisAFBVV95cUxPdllJNUZqWU9ycFNlaTluLVZMTFBQdm1aYXdIczgxNHZLVGdrbHZhemdyRHJGU25LTEhoYnlvbWtTc1dnUnFNaHNpeDdrTXpfblRsdkRXcndDX0hCbnhiUm1CMlJObWNkZVUwRk5Bb29iai1EMU5KMTFqeTNhdE05NGZYTk9pbDY5RzhVTHp6MlRGeG9GUldMQzVSYmMzdFI2eURDZGJRU1lwSGtyV3F2Y9IBswFBVV95cUxOSjRnVTBFaERDSVVuSE9EbEp1UFRBSEZyZmpFZVh6ZlZZb0IxbUVHa1lQLXMtdVZ5ckVhd2VXaVJ3X1lmVUVSdnExOVNpblBwUHBFT2wzLVJQeFd5dERpQ29EQkJwZFlsZTZWN2ttR3N4dlpKVGNRdU52aFJTZ2NrVTYxeUtLc3Nhd1Z0TDliQlV3Z3ItUVFqb0JCdThIUVFaTXJPajV1Ul9NVE5ObjhIMTN4TQ?hl=zh-TW&gl=TW&ceid=TW%3Azh-Hant,無時間
地震,news.google.com,,https://news.google.com./read/CBMiVEFVX3lxTE1uS1E1OEtjOE5ONDYzeGR1MXk3SklFVWNYSkk1Yk9FUkhna2docVloMEY0MVRiS0ZYT3lGLXMycTJ3czZTd0dxdENSVWxOaUt5WktmbA?hl=zh-TW&gl=TW&ceid=TW%3Azh-Hant,無時間
地震,news.google.com,,https://news.google.com./read/CBMidEFVX3lxTE5SN1MxU1FGM1hzaERoeXNpbFJxR3pvSkpCejB2a01mdjVwMjlqWk9jVGZyYU5hT1pzLXZHdG9feEh6TFZNT05US0pMWU5OSU9oYlBBa1dfeGlEajRiNmZ6eUFyb1ZlTjdZYTR5VGc1VlVYXy1r0gFXQVVfeXFMTjN3TkxnenIzYzdkX3NnVVdSNWF1cDdlTzFwbEZJdlF2eFBvckxpVGx1eU9meXV1UTZHMkI3RjhGckpOVWlqYmNwd3RRd3pRRTRSamM3eTZv?hl=zh-TW&gl=TW&ceid=TW%3Azh-Hant,無時間
地震,news.google.com,,https://news.google.com./read/CBMid0FVX3lxTE9aaEttbWpGMk1KaS1rQ3UtYjVhU2tWVGtjM3Bmc3lPT3RRWjJWdDRTdGlIUG93SUw3NEotcTcwZlpjbGpRdTJZZW44MDVkUnF6anp0ZzM0NmE5WEowTFVUUWoyVFQ2ZUNNaXp5NnBXRjFKUVJiY2ZZ?hl=zh-TW&gl=TW&ceid=TW%3Azh-Hant,無時間
地震,news.google.com,,https://news.google.com./read/CBMiogFBVV95cUxQeWJRZ2Eyd1A3V0NSMGhsQnYwR1R5QzJpQVhIVmY0T3o5N1VRZHJ4bERzV1lpaklIamFtRlFiT0UyTllLbE41cnVpd0ktZElIbkpOVWdNX3Z1RkhKbTV6UDZVVjF2VzJTc2JienpObGNWM25XSGJWbndmTHlpcGV3TEVPelpZS2lZUWhQcmVROVQwREZ1LVZ2R0t6VmdCa3hGSWc?hl=zh-TW&gl=TW&ceid=TW%3Azh-Hant,無時間
地震,news.google.com,,https://news.google.com./read/CBMimgFBVV95cUxQUW9rbW5LM25DS013TGE2d3hZUW9WVlYxcWpZdnNfZ3NPMk9UTTItR01yc3dvc25oVXd5eFFKN002M0w0aUZNR1hzb0c3Qk5tektvSzBxT1JUeG1BdGNzTTVQclJLZEVtdHBkczBPc3JFUk4tM3dFY0VBY3F1NEtST0h6VHJPMnFIM2JsVG9jWG5mTmJmLVpsYWJB?hl=zh-TW&gl=TW&ceid=TW%3Azh-Hant,無時間
乾旱,news.google.com,,https://news.google.com./read/CBMiZkFVX3lxTE9VUDV5UVJQWFZ5Y00yVkc1S1NsX0hRYlBHQVFaRTJnT3ZYeHZ2V1VtQUNfVlhrTXNnMWVWMVNEWE42azFjRkJkbFNyOVNFM0pQTzB4dEFuS25MazF2dk9iOTZXUHZSZ9IBa0FVX3lxTE5kR19UV0RCTjhPR2JEa3ZHYkRUcTBKaHJHMmI4cEFJcFhrTzR2SU9Kc0E1VnpsRUVqV3V4eWNDSmVnSWdzMDRtWW1XSTcwRlJtMzJjVmIyUDBBd3B4NjVxbU9pQklKbkZlN3hZ?hl=zh-TW&gl=TW&ceid=TW%3Azh-Hant,無時間
乾旱,news.google.com,,https://news.google.com./read/CBMigAFBVV95cUxOLXBCNHRmemRXY1RyemxhYko1OHhzQ2ZIc05UNlFIZFZWV2VFdU5BaVk4bkZlRElxRGl4QzF6dV9RdEtDTElrbWJyQVVIV21xd0NpVUJkek1tUFBnT3ZGNVA1MUo0YTFyM0hyRW5PQlRGUmxNOGpvTU9mOHBDVTZjcQ?hl=zh-TW&gl=TW&ceid=TW%3Azh-Hant,無時間
乾旱,news.google.com,,https://news.google.com./read/CBMidEFVX3lxTFB5Zm5zd2ktSWZyZlgxdW5nUl9ZZWFMejJOd01IMzhXSGoxb3NhUTdGNmNFWlB2eWp2Z1ZqTjN6RXVyYVc0Y01HUlBXcWswSjZNNVJ5cFB4TVB1WV9fS3E2UllJT1dmZ0JPenZWUEw0c20yWHhJ?hl=zh-TW&gl=TW&ceid=TW%3Azh-Hant,無時間
乾旱,news.google.com,,https://news.google.com./read/CBMiugNBVV95cUxPYnloMXlzNnE5MGEzX3VGZ3VMa3NyYVhsN1pMd09HQURzdVVpdWkwT3NlUmNUZzJjRFU1a0NsZUlUM2Y2eFQtd19laUR1Z0hKSUI5WnMwb3hNRVp4eWpUWTk0OElITWJvTzRHblRrMmU0OXhYQWxPNDk2bnhrb3dnblBfYTByUmZfd1RBTHFIQVNtdndadE9JZGlVU2pXeXpoTWduTVNUT2ZBal9xVFMtM01fNW5pcDkyOTNfQ1R6Tm53eFFsR2xWOE1nNThLbmNNbUdmeUZCVEh3R3RCVnBkeURvYnE2dVFHMU1ndkgxWGRBakNEN3pBendlbDdOc0lmcFJlR29PSldXNS15UlVuZnVXb1pJUVZYOWpFZ2VmOEtUN082cFh0Tnp3R3VtVG9oUlN1SW5vQVJzZDlDMXc5bEZNb3VuSnFsTnp3R1lqVGRSNzc1aGNKZVVwRk4yeXppUWV4dVFaSk9QTnVpeXN3UWZOUVNRMUZaakxTM0MzdGtha2lWV1JtbzFnV19UTU1Mb0lIUkNoT2FKSWlBN25BRDdiNk1HNHNjR0xndEJsSzh5emZtNlJXOWRn?hl=zh-TW&gl=TW&ceid=TW%3Azh-Hant,無時間
乾旱,news.google.com,,https://news.google.com./read/CBMiswJBVV95cUxNR2x2SGRyWXBSUkpJMEduYVU2UVViTFNsaUxzN29jaXF3dFVzWFp6MDJwVXRlYmNwRjNSbmFSYVRyekVQNFFYQ2hTLUM1US1ORXJOUnM1THhVQ04tN3JMdG5iSzhReHQtZTRJRnVVQ1RxUTBzTEhzOXdORm8wWG5FOGhyc2hOTzR2X1F0SW1JOUJqSTZFbG5iT196UWF1cUhpcXRxNEdOUTZhYml4NzJwcmd1SDVPdExFUUVQVXA1bGxXaEowSVB3aVVkQkNoUzVFcWFVN1hnVkN4ek1JRC1QdHg2SkhwNmZmRUNxZW5lMUtWcDJVX0VZQWRuRVZnUVd0SFN2bjVJTzBGWkV0a2dNMS10aHNiTnUtSzdneHpyNzlDZ2NfdXMtR2Y3Q05vT1E5X3hR?hl=zh-TW&gl=TW&ceid=TW%3Azh-Hant,無時間
旱災,news.google.com,,https://news.google.com./read/CBMiZkFVX3lxTE9VUDV5UVJQWFZ5Y00yVkc1S1NsX0hRYlBHQVFaRTJnT3ZYeHZ2V1VtQUNfVlhrTXNnMWVWMVNEWE42azFjRkJkbFNyOVNFM0pQTzB4dEFuS25MazF2dk9iOTZXUHZSZ9IBa0FVX3lxTE5kR19UV0RCTjhPR2JEa3ZHYkRUcTBKaHJHMmI4cEFJcFhrTzR2SU9Kc0E1VnpsRUVqV3V4eWNDSmVnSWdzMDRtWW1XSTcwRlJtMzJjVmIyUDBBd3B4NjVxbU9pQklKbkZlN3hZ?hl=zh-TW&gl=TW&ceid=TW%3Azh-Hant,無時間
旱災,news.google.com,,https://news.google.com./read/CBMi4AJBVV95cUxQODZxVmloQmVKYl94X0d3X1BWcVE5OEFqM3VMSHF6dzdFTzJNYWMxaXJSOUhGYkRrTGZGbzVWNWpCbEhRNUVCVFZkTkg0QmhYcGQwYm9nVnJzWHIxTW9GbU5kWDl4clhxSlBCUjAtb21VYWxTRnVhMDNCcG9aVl8tckd6dWdya0xaVk5BU3dRVmthN1d2QzhoZzROZW50bVdkZHBEWmZqeHFFVHBhVzNNbXU3eElzeWNmeWZVZ1Z5c1BURHZiclRlX1RLYnZMOHhhVzVCdUMzTGEzd0NEcnBDNEN1akpRTFVqa29IaE1QMXY5SVdEVlZ6bnNkVjVjVU1zYTViR2VrWDRVOTVXUVZiUjFkUkVvSC12RE5aczNoTkRaNHhWN2ZzZFdSYU5LN3h4Y2U3WE5ITl8tc1BmT1ZYYVozZDByMElNcFZfTEpFeUVGamVZVUdob0ZVa2RQTzRJ?hl=zh-TW&gl=TW&ceid=TW%3Azh-Hant,無時間
旱災,news.google.com,,https://news.google.com./read/CBMi3gJBVV95cUxPTXZEZGk4em1EQ3ViRDhiZFBqbG5Ed0NORkJKTTY2anJ3Wnd2WFEyNzJnTmhWZko2d2ItYVp5cEp6UTgyaWRlMEhicVVuT2hjSTZERFMwVHVtZFBpdzRiYkNKRE5tNE81WFUwWV9VdGNFUjVlRUlBRmFURk1PM1RIUjlOZ1hlRGpSeHFHODJnSTBBbGloWVFXc2Q0Y3czOUszNmduMzU0dURCNEJ6Mmx5b2xVZ1NwR3oxcmtadm1nVlVjZWk3VlhUc0RrM3l4RFV3SnUyYU1nRkJORW1vM0ZLdnNxQV84MUdCYWNSR1hZQlYxQW9ZXzFwZmYxZ2xMSjRqTno4MTZFUWlZSjBOZzN1VlpKVlhBYjFjSng5blo1emtnUFdHamRfR3VKbFhjc3FNTzNCekNiQ21CVy1lN3lNdGp5NzBDWWVxQllOVmpoQ3FPZ1dqd3JETlJiUlBMZw?hl=zh-TW&gl=TW&ceid=TW%3Azh-Hant,無時間
旱災,news.google.com,,https://news.google.com./read/CBMiwgJBVV95cUxPekF0UTFndkZaeGtCYXQzekJhUlBCUTdCb3N2OENkbGxiX3dtZzFFV3ZHNTh3LU15R2d5Xy1LdV9NV0hiaFFjZjJPYnAyVUpVU29jQTZJT3htbU1GcVVieHh3NkgwaTZ2ckoycnlvMG1EdXVkaHoxb2NpQXpzcXNXRGFfZVhUVDhrLUtUbGZqY3pnc25KVjVadXNVQm1ObF91OF84a3Y5OEJ1dUxIOVJkU3RpZFpsS0phSzQ3NE9LVjNIWElhLVE5ZW1hMXpHdjA0UndFYXpMVTYzZk0zd2tOWnBBXzJsQ291NVJJc1NEZk0wVWxNbVVxRWJsa0RnMzVYV2g0Q1lpd0FFUzNCNGtzMW1uYkNPMmc5b3Qwc3d5S19zVG9CMjBJZGd6WW9wa3p2RV9TcTRpNnVxQVk0dTdUd0xB?hl=zh-TW&gl=TW&ceid=TW%3Azh-Hant,無時間
旱災,news.google.com,,https://news.google.com./read/CBMi1gFBVV95cUxNUGVibmNLeE9nZ0ZjTDVZQ0l2dG44Sm81dllsVmhDUTRSbGpRZjB5aGFJeHg2NDllOTBhbWx1emJfT2lYVGc5Nml3X25XLTAzMkVPOXpNMTNEeTZCRXF2eFdWendvcjlRVjEtLTdXeHNRM0VwRzI2S3dTZnYyV0dqMTBvN2YtUVhLSU80MlE5a3FhTGM1VUlLS25XS0stYzRQOU5UdHNhR242MVUyZ1lVdFdPci1OaXNKVFpua3JqT2c2VnU0MVBaT0ttdS1LZ3RnN1VWRzVn?hl=zh-TW&gl=TW&ceid=TW%3Azh-Hant,無時間
